	Acetobacter	Achromobacter	Acidihalobacter	Acidiphilium	Acidithiobacillus	Acidovorax	Acinetobacter	Actinobacillus	Actinomyces	Acuticoccus	Aeromonas	Afonbuvirus	Agathobacter	Agrobacterium	Agtrevirus	Akkermansia	Alcaligenes	Aliarcobacter	Alicycliphilus	Aliiroseovarius	Alkanindiges	Allorhizobium	Alloyangia	Alteromonas	Aminobacter	Amniculibacterium	Amphritea	Ampullimonas	Antarcticirhabdus	Aquabacterium	Aquipseudomonas	Arcobacter	Aromatoleum	Arthrobacter	Asticcacaulis	Astrithrvirus	Aureimonas	Azoarcus	Azohydromonas	Azonexus	Azospira	Azospirillum	Azotobacter	Bacillus	Bacteroides	Bcepmuvirus	Bernardetia	Betacoronavirus	Bielevirus	Bifidobacterium	Bilophila	Blastomonas	Blautia	Borreliella	Bosavirus	Bosea	Bradyrhizobium	Brevibacillus	Brevirhabdus	Brevundimonas	Brigitvirus	Brussowvirus	Bugaksanvirus	Burkholderia	Burzaovirus	Buttiauxella	Butyricimonas	Caballeronia	Caenibius	Campylobacter	Candidatus Accumulibacter	Candidatus Fukatsuia	Candidatus Methylocalor	Carjivirus	Carnobacterium	Caulobacter	Cellvibrio	Cereibacter	Cetobacterium	Chelativorans	Chelatococcus	Chimaeribacter	Chitinibacter	Chromobacterium	Chryseobacterium	Ciceribacter	Cimandefvirus	Cinvestavvirus	Citrobacter	Clostridioides	Clostridium	Comamonas	Corynebacterium	Croceicoccus	Cronobacter	Cronusvirus	Cupriavidus	Curvibacter	Cutibacterium	Dechloromonas	Deinococcus	Delftia	Denitratisoma	Derbicusvirus	Diaphorobacter	Duffyella	Dunedinvirus	Dyella	Ectopseudomonas	Edwardsiella	Eganvirus	Eleftheria	Elizabethkingia	Embleya	Empedobacter	Endozoicomonas	Ensifer	Enterobacter	Enterococcus	Eponavirus	Erwinia	Escherichia	Ewingella	Exiguobacterium	Falsirhodobacter	Faucicola	Ferozepurvirus	Finegoldia	Flammeovirga	Flavobacterium	Flavonifractor	Fremauxvirus	Frigidibacter	Fulvitalea	Fuscovulum	Fusobacterium	Gamaleyavirus	Gemmatirosa	Gemmobacter	Geobacillus	Glaesserella	Granulicella	Gustavvirus	Haematobacter	Haematospirillum	Haladaptatus	Halarchaeum	Haloarcula	Halobaculum	Halocatena	Halogeometricum	Haloglomus	Halomarina	Halomicrobium	Halomicrococcus	Halomonas	Halomontanus	Haloplanus	Halorarum	Halorhabdus	Halorubrum	Halosimplex	Halovivax	Hartmannibacter	Homo	Hpunavirus	Huelvavirus	Hydrogenophaga	Hymenobacter	Ideonella	Ilyobacter	Immutovirus	Indioceanicola	Ittyvirus	Jannaschia	Jiella	Johnsonvirus	Junduvirus	Kahnovirus	Kilunavirus	Kingevirus	Klebsiella	Kluyvera	Kocuria	Komagataeibacter	Kosakonia	Kozakia	Krampusvirus	Kunmingvirus	Lachnospira	Lactiplantibacillus	Lactobacillus	Lactococcus	Lagaffevirus	Lastavirus	Latilactobacillus	Leclercia	Legionella	Leisingera	Lelliottia	Leptolyngbya	Leptospira	Leuconostoc	Levilactobacillus	Ligilactobacillus	Limimaricola	Limosilactobacillus	Listeria	Lughvirus	Lysinibacillus	Machinavirus	Mahlunavirus	Mameliella	Marinibacterium	Marinobacter	Marinovum	Marivivens	Martelella	Massilia	Mediterraneibacter	Mesomycoplasma	Mesorhizobium	Metabacillus	Metallibacterium	Metamycoplasma	Methanobacterium	Methanobrevibacter	Methanocella	Methanoculleus	Methanofollis	Methanolacinia	Methanolobus	Methanomethylovorans	Methanopyrus	Methanosarcina	Methanosphaera	Methanosphaerula	Methanothrix	Methylibium	Methylobacterium	Methylococcus	Methylocystis	Methylomagnum	Methylomicrobium	Methylomonas	Methylorubrum	Methylosinus	Methylotuvimicrobium	Microbacterium	Micrococcus	Microvirga	Miecznikowavirus	Mimivirus	Mitsuokella	Moellerella	Moineauvirus	Monoglobus	Mooglevirus	Moraxella	Morganella	Moturavirus	Muribaculum	Mushuvirus	Mycetohabitans	Mycobacterium	Mycobacteroides	Mydovirus	Natranaerobius	Natronomonas	Neisseria	Neorhizobium	Neotabrizicola	Neptuniibacter	Nitratidesulfovibrio	Nitratireductor	Nitrobacter	Nitrosomonas	Niveibacterium	Niveispirillum	Nocardia	Nocardioides	Nodosilinea	Nonomuraea	Novemvirus	Novosphingobium	Ochrobactrum	Oengusvirus	Ornithinibacillus	Ornithinimicrobium	Ornithobacterium	Ottowia	Paenarthrobacter	Paenibacillus	Pakpunavirus	Pandoraea	Pantoea	Parabacteroides	Paraburkholderia	Paracoccus	Paragemmobacter	Parageobacillus	Pararhizobium	Paroceanicella	Pasteurella	Pectobacterium	Pedobacter	Pelagovum	Pelobacter	Peptoclostridium	Peribacillus	Persicobacter	Peteryoungia	Pettyvirus	Phaeobacter	Phenylobacterium	Phocaeicola	Photobacterium	Phyllobacterium	Phytobacter	Pigmentiphaga	Piscesmortuivirus	Piscinibacter	Planococcus	Plesiomonas	Polaromonas	Polybotosvirus	Popoffvirus	Porphyromonas	Prevotella	Priestia	Proteus	Providencia	Przondovirus	Pseudidiomarina	Pseudoalteromonas	Pseudolactococcus	Pseudomonas	Pseudooceanicola	Pseudophaeobacter	Pseudorhodobacter	Pseudosulfitobacter	Pseudoxanthomonas	Psychrobacter	Pusillibacter	Qipengyuania	Radiobacillus	Rahnella	Ralstonia	Raoultella	Rathayibacter	Reipivirus	Rhizobium	Rhizorhabdus	Rhodanobacter	Rhodobacter	Rhodococcoides	Rhodococcus	Rhodoferax	Rhodopseudomonas	Rhodovastum	Rhodovulum	Riemerella	Robbsia	Roseateles	Roseburia	Roseibium	Roseicitreum	Roseinatronobacter	Roseobacter	Roseomonas	Roseovarius	Rubrivivax	Ruegeria	Rufibacter	Sagittula	Salarchaeum	Salinivibrio	Salipiger	Salmonella	Salvovirus	Sebaldella	Segatella	Senquatrovirus	Septimatrevirus	Serratia	Sharonstreetvirus	Shenzhenvirus	Shewanella	Shigella	Shinella	Simplexvirus	Simplicispira	Sinorhizobium	Skermanella	Sorangium	Sphaerotilus	Sphingobium	Sphingomonas	Sphingopyxis	Spongiactinospora	Staphylococcus	Stenotrophomonas	Sterolibacterium	Streptococcus	Streptomyces	Stutzerimonas	Sukhumvitvirus	Sulfitobacter	Sulfuricystis	Sulfuriferula	Sulfurospirillum	Sulfurovum	Tabrizicola	Taranisvirus	Tardibacter	Teetrevirus	Tequatrovirus	Terrirhizobium	Thalassospira	Thauera	Thermococcus	Thermus	Thioclava	Thiodictyon	Thiomonas	Thiothrix	Tistrella	Toutatisvirus	Treponema	Triduovirus	Tritonibacter	Tsukamurella	Uetakevirus	Vagococcus	Variovorax	Vequintavirus	Verminephrobacter	Vescimonas	Vibrio	Vimunumvirus	Vitreoscilla	Wadgaonvirus	Webervirus	Weissella	Xanthomonas	Xenorhabdus	Xooduovirus	Xylella	Yersinia	Yuavirus	Zicotriavirus	Zymomonas
cleaned_SRR35556007_1	0.0	0.0	0.0	0.0	0.0	1.623962468422952	10.808372428726091	0.0	0.0	0.0	65.37351136773728	0.0	0.0	0.0	0.0	0.0	0.0	0.25261638397690367	0.0	0.0	0.0	0.0	0.0	0.0	0.0	0.0	0.0	0.0	0.0	0.0	0.0	0.0	0.0	0.0	0.0	0.0	0.0	0.0	0.0	0.0	0.0	0.45110068567304223	0.0	0.018044027426921686	0.46914471309996386	0.0	0.0	0.0	0.0	0.0	0.0	0.0	0.0	0.0	0.0	0.0	0.018044027426921686	0.03608805485384337	0.0	0.0	0.0	0.0	0.0	0.018044027426921686	0.0	0.0	0.0	0.0	0.0	0.0	0.0	0.0	0.0	0.0	0.0	0.018044027426921686	0.0	0.0	0.018044027426921686	0.0	0.018044027426921686	0.0	0.0	0.0	0.05413208228076506	0.0	0.018044027426921686	0.0	0.09022013713460844	0.0	0.0	0.10826416456153012	0.0	0.0	0.018044027426921686	0.0	11.674485745218332	0.0	0.0	0.0	0.10826416456153012	0.05413208228076506	0.0	0.0	0.0	0.0	0.0	0.0	0.0	0.0	0.0	0.0	0.0	0.0	0.018044027426921686	0.0	0.0	0.05413208228076506	0.05413208228076506	0.0	0.0	0.07217610970768674	0.0	0.0	0.0	0.03608805485384337	0.018044027426921686	0.0	0.0	0.1443522194153735	0.0	0.0	0.0	0.0	0.0	0.018044027426921686	0.0	0.0	0.0	0.0	0.0	0.0	0.0	0.0	0.0	0.0	0.0	0.0	0.0	0.0	0.0	0.0	0.0	1.0285095633345362	0.0	0.0	0.0	0.0	0.0	0.0	0.0	0.0	0.0	0.0	0.0	0.0	0.0	0.0	0.0	0.0	0.0	0.0	0.0	0.0	0.0	0.0	0.0	0.0	0.0	0.0	0.0	0.577408877661494	0.0	0.0	0.0	0.0	0.0	0.0	0.0	0.0	0.0	0.0	0.07217610970768674	0.0	0.0	0.018044027426921686	0.0	0.0	0.0	0.0	0.0	0.0	0.0	0.0	0.0	0.0	0.0	0.0	0.0	0.0	0.0	0.0	0.0	0.0	0.0	0.0	0.0	0.0	0.0	0.0	0.0	0.0	0.0	0.0	0.0	0.0	0.0	0.0	0.0	0.0	0.0	0.0	0.0	0.0	0.018044027426921686	0.0	0.0	0.03608805485384337	0.0	0.03608805485384337	0.0	0.0	0.0	0.0	0.0	0.0	0.0	0.0	0.0	0.0	0.0	0.0	0.0	0.0	0.0	0.0	0.0	0.0	0.0	0.0	0.0	0.0	0.0	0.0	0.0	0.0	0.0	0.0	0.0	0.0	0.0	0.0	0.0	0.0	0.0	0.0	0.0	0.0	0.0	0.0	0.0	0.0	0.0	0.0	0.0	0.0	0.0	0.0	0.0	0.0	0.0	0.0	0.018044027426921686	0.0	0.0	0.03608805485384337	0.0	0.05413208228076506	0.3428365211115121	0.0	0.0	0.0	0.0	0.0	0.0	0.0	0.0	0.0	0.0	0.0	0.0	0.0	0.0	0.018044027426921686	0.0	0.03608805485384337	0.0	0.12630819198845183	0.0	0.0	0.0	0.0	0.0	0.0	0.0	0.0	0.0	0.0	0.0	0.0	0.0	0.0	0.0	0.0	0.0	0.018044027426921686	2.9953085528690004	0.0	0.0	0.0	0.0	0.0	0.0	0.0	0.0	0.0	0.0	0.12630819198845183	0.0	0.0	0.0	0.23457235654998193	0.0	0.0	0.0	0.0	0.03608805485384337	0.0	0.0	0.0	0.0	0.0	0.0	0.0	0.0	0.0	0.0	0.0	0.0	0.0	0.0	0.0	0.0	0.0	0.0	0.09022013713460844	0.0	0.0	0.018044027426921686	0.0	0.0	0.4150126308191988	0.0	0.07217610970768674	0.07217610970768674	0.0	0.018044027426921686	0.0	0.0	0.0	0.0	0.0	0.05413208228076506	0.018044027426921686	0.0	0.0	0.0	0.05413208228076506	0.0	0.0	0.0	0.0	0.0	0.3067484662576687	0.0	0.0	0.0	0.0	0.0	0.0	0.0	0.0	0.0	0.0	0.0	0.0	0.0	0.0	0.0	0.0	0.0	0.0	0.0	0.0	0.0	0.18044027426921688	0.0	0.0	0.0	0.0	0.0	0.0	0.0	0.0	0.866113316492241	0.018044027426921686	0.0	0.0	0.0	0.0	0.0	0.0	0.0	0.0	0.3247924936845904	0.0	0.0	0.0	0.0	0.0	0.0	0.0
cleaned_SRR35556007_2	0.0	0.0	0.0	0.0	0.0	1.3973966309341501	10.968606431852987	0.0	0.0	0.0	66.15620214395099	0.0	0.0	0.0	0.0	0.0	0.0	0.24885145482388973	0.0	0.0	0.0	0.0	0.0	0.0	0.05742725880551302	0.0	0.0	0.0	0.0	0.0	0.0	0.0	0.03828483920367535	0.0	0.0	0.0	0.0	0.0	0.0	0.0	0.0	0.36370597243491576	0.0	0.0	0.38284839203675347	0.0	0.0	0.0	0.0	0.0	0.0	0.0	0.0	0.0	0.0	0.0	0.0	0.019142419601837674	0.0	0.0	0.0	0.0	0.0	0.03828483920367535	0.0	0.0	0.0	0.0	0.0	0.0	0.0	0.0	0.0	0.0	0.0	0.019142419601837674	0.0	0.0	0.019142419601837674	0.0	0.019142419601837674	0.0	0.0	0.0	0.09571209800918837	0.0	0.019142419601837674	0.0	0.11485451761102604	0.0	0.0	0.09571209800918837	0.0	0.0	0.0	0.0	11.083460949464012	0.0	0.0	0.0	0.11485451761102604	0.05742725880551302	0.0	0.0	0.0	0.0	0.0	0.0	0.0	0.0	0.0	0.0	0.0	0.0	0.0	0.0	0.0	0.019142419601837674	0.03828483920367535	0.0	0.0	0.0	0.0	0.0	0.0	0.019142419601837674	0.0	0.0	0.0	0.2105666156202144	0.0	0.0	0.0	0.0	0.0	0.019142419601837674	0.0	0.0	0.0	0.0	0.0	0.0	0.0	0.0	0.0	0.0	0.0	0.0	0.0	0.0	0.0	0.0	0.0	0.9954058192955589	0.0	0.0	0.0	0.0	0.0	0.019142419601837674	0.0	0.0	0.0	0.0	0.0	0.0	0.0	0.0	0.0	0.0	0.0	0.0	0.0	0.0	0.0	0.0	0.0	0.0	0.0	0.0	0.0	0.6508422664624809	0.0	0.0	0.0	0.0	0.0	0.0	0.0	0.0	0.0	0.0	0.11485451761102604	0.0	0.019142419601837674	0.019142419601837674	0.0	0.0	0.0	0.0	0.0	0.0	0.0	0.0	0.0	0.0	0.0	0.0	0.0	0.0	0.0	0.0	0.0	0.0	0.0	0.0	0.0	0.0	0.0	0.0	0.0	0.0	0.0	0.0	0.0	0.0	0.0	0.0	0.0	0.0	0.0	0.0	0.0	0.0	0.03828483920367535	0.0	0.0	0.03828483920367535	0.0	0.03828483920367535	0.0	0.0	0.0	0.0	0.0	0.0	0.0	0.0	0.0	0.0	0.0	0.0	0.0	0.0	0.0	0.0	0.0	0.0	0.0	0.0	0.0	0.0	0.0	0.0	0.0	0.0	0.0	0.0	0.0	0.0	0.0	0.0	0.0	0.0	0.0	0.0	0.0	0.0	0.0	0.0	0.0	0.0	0.0	0.0	0.0	0.0	0.0	0.0	0.0	0.0	0.0	0.0	0.019142419601837674	0.0	0.0	0.03828483920367535	0.0	0.03828483920367535	0.36370597243491576	0.0	0.0	0.0	0.0	0.0	0.0	0.0	0.0	0.0	0.0	0.0	0.0	0.0	0.0	0.0	0.0	0.03828483920367535	0.0	0.11485451761102604	0.0	0.0	0.0	0.0	0.0	0.0	0.0	0.0	0.0	0.0	0.0	0.0	0.0	0.0	0.0	0.0	0.0	0.0	2.8905053598774884	0.0	0.0	0.0	0.0	0.0	0.0	0.0	0.0	0.0	0.0	0.1531393568147014	0.0	0.0	0.0	0.2871362940275651	0.0	0.0	0.0	0.0	0.019142419601837674	0.0	0.0	0.0	0.0	0.0	0.0	0.0	0.0	0.0	0.0	0.0	0.0	0.0	0.0	0.0	0.0	0.0	0.0	0.09571209800918837	0.0	0.0	0.05742725880551302	0.0	0.0	0.40199081163859113	0.0	0.05742725880551302	0.03828483920367535	0.0	0.0	0.0	0.0	0.019142419601837674	0.0	0.0	0.03828483920367535	0.019142419601837674	0.0	0.0	0.0	0.0765696784073507	0.0	0.0	0.0	0.0	0.0	0.24885145482388973	0.0	0.0	0.0	0.019142419601837674	0.0	0.0	0.0	0.0	0.0	0.0	0.0	0.0	0.0	0.0	0.0	0.0	0.0	0.0	0.0	0.0	0.0	0.19142419601837674	0.0	0.0	0.0	0.0	0.0	0.0	0.0	0.0	0.8422664624808576	0.0	0.0	0.0	0.019142419601837674	0.0	0.0	0.0	0.0	0.0	0.36370597243491576	0.0	0.0	0.0	0.0	0.0	0.0	0.0
cleaned_SRR35556008_1	0.0	0.010765421466250404	0.0	0.0	0.0	0.03229626439875121	32.479276563677466	0.0	0.0	0.0	25.837011519000967	0.0	0.0	0.010765421466250404	0.053827107331252025	0.0	0.0	0.3444934869200129	0.0	0.0	0.0	0.0	0.0	0.0	0.03229626439875121	0.0	0.0	0.0	0.0	0.0	0.0	0.0	0.010765421466250404	0.0	0.0	0.0	0.010765421466250404	0.0	0.0	0.0	0.0	0.4629131230487674	0.0	0.0	0.07535795026375283	0.010765421466250404	0.0	0.0	0.0	0.010765421466250404	0.0	0.7320486597050275	0.0	0.0	0.021530842932500807	0.0	0.043061685865001614	0.0	0.0	0.0	0.0	0.0	0.0	0.043061685865001614	0.0	0.0	0.0	0.021530842932500807	0.0	0.010765421466250404	0.0	0.0	0.0	0.021530842932500807	0.0	0.0	0.0	0.0	0.010765421466250404	0.0	0.0	0.0	0.0	0.0	1.3133814188825492	0.0	0.0	0.0	0.021530842932500807	0.0	0.03229626439875121	0.559801916245021	0.0	0.0	0.0	0.0	4.359995693831413	0.0	0.0	0.0	0.09688879319625363	0.3444934869200129	0.0	0.0	0.0	0.0	0.0	0.0	0.0	0.0	0.0	0.0	0.0	0.0	0.0	0.0	0.021530842932500807	0.09688879319625363	0.08612337173000323	0.0	0.0	0.398320594251265	0.0	0.0	0.0	0.053827107331252025	0.0	0.0	0.0	0.32296264398751207	0.0	0.0	0.0	0.0	0.0	0.06459252879750242	0.010765421466250404	0.0	0.0	0.0	0.0	0.0	0.0	0.0	0.0	0.0	0.0	0.0	0.0	0.0	0.0	0.0	0.0	0.010765421466250404	0.0	0.0	0.0	0.0	0.0	0.0	0.0	0.0	0.0	0.0	0.0	0.021530842932500807	0.0	0.0	0.010765421466250404	0.0	0.0	0.0	0.0	0.0	0.0	0.0	0.010765421466250404	0.0	0.0	0.0	0.0	0.47367854451501773	0.0	0.0	0.010765421466250404	0.0	0.0	0.0	0.0	0.0	0.0	0.0	0.08612337173000323	0.0	0.0	0.0	0.0	0.0	0.0	0.0	0.0	0.0	0.0	0.0	0.0	0.0	0.0	0.0	0.0	0.0	0.0	0.0	0.0	0.0	0.0	0.0	0.0	0.0	0.0	0.0	0.0	0.010765421466250404	0.0	0.0	0.0	0.0	0.0	0.0	0.010765421466250404	0.010765421466250404	0.0	0.0	0.0	0.0	0.0	0.0	0.0	0.0	0.0	0.010765421466250404	0.0	0.0	0.0	0.0	0.010765421466250404	0.0	0.0	0.0	1.2595543115512973	0.0	0.0	0.0	0.0	0.0	0.0	0.0	0.0	0.0	0.0	0.0	0.0	0.0	0.0	0.010765421466250404	0.0	0.0	0.0	0.0	0.0	0.0	0.0	0.0	0.0	0.0	0.6459252879750241	0.0	0.010765421466250404	0.0	0.0	0.0	0.0	0.0	0.0	0.0	0.010765421466250404	0.0	0.0	0.0	0.0	0.0	0.0	0.010765421466250404	0.010765421466250404	0.0	0.0	0.053827107331252025	0.0	0.13995047906125524	5.85638927764022	0.0	0.0	0.0	0.0	0.0	0.0	0.0	0.0	0.0	0.0	0.0	0.0	0.0	0.0	0.07535795026375283	0.0	0.03229626439875121	0.0	0.0	0.010765421466250404	0.0	0.0	0.0	0.0	0.0	0.010765421466250404	0.0	0.0	0.0	0.0	0.010765421466250404	0.0	0.0	0.010765421466250404	0.0	0.021530842932500807	0.03229626439875121	1.2918505759500483	0.0	0.0	0.0	0.0	0.0	0.010765421466250404	0.0	0.0	0.0	0.010765421466250404	0.22607385079125847	0.0	0.0	0.0	0.2799009581225105	0.0	0.0	0.0	0.0	0.021530842932500807	0.0	0.0	0.0	0.0	0.0	0.0	0.0	0.0	0.0	0.0	0.0	0.0	0.0	0.0	0.0	0.0	0.0	0.0	0.0	0.0	0.0	0.08612337173000323	0.0	0.0	0.36602432985251376	0.0	0.03229626439875121	0.09688879319625363	0.0	0.0	0.043061685865001614	0.0	0.11841963612875443	0.0	0.0	0.053827107331252025	0.0	0.0	0.0	0.010765421466250404	0.03229626439875121	1.9808375497900745	0.0	0.043061685865001614	0.0	0.0	1.8301216492625685	0.0	0.0	0.0	0.0	0.0	0.0	0.0	0.0	0.0	0.0	0.0	0.010765421466250404	0.0	0.0	0.0	0.0	0.0	0.0	0.0	0.0	0.0	15.932823770050597	0.021530842932500807	0.0	0.0	0.0	0.0	0.0	0.0	0.0	0.30143180105501133	0.0	0.0	0.0	0.021530842932500807	0.0	0.0	0.0	0.021530842932500807	0.010765421466250404	0.18301216492625688	0.0	0.0	0.0	0.0	0.0	0.0	0.0
cleaned_SRR35556008_2	0.0	0.011321181931393639	0.0	0.0	0.0	0.045284727725574556	33.352201969885655	0.0	0.0	0.0	26.129287897656518	0.0	0.0	0.011321181931393639	0.045284727725574556	0.0	0.0	0.3396354579418091	0.0	0.0	0.0	0.0	0.0	0.0	0.03396354579418091	0.0	0.0	0.0	0.0	0.0	0.0	0.0	0.022642363862787278	0.0	0.0	0.0	0.011321181931393639	0.0	0.0	0.0	0.0	0.47548964111853276	0.0	0.0	0.12453300124533001	0.0	0.0	0.0	0.0	0.011321181931393639	0.0	0.6792709158836182	0.0	0.0	0.022642363862787278	0.0	0.06792709158836183	0.0	0.0	0.0	0.0	0.0	0.0	0.022642363862787278	0.0	0.0	0.0	0.011321181931393639	0.0	0.011321181931393639	0.0	0.0	0.0	0.022642363862787278	0.0	0.0	0.0	0.0	0.022642363862787278	0.0	0.0	0.0	0.0	0.0	1.2906147401788746	0.0	0.0	0.0	0.022642363862787278	0.0	0.011321181931393639	0.6453073700894373	0.0	0.0	0.0	0.0	4.030340767576135	0.0	0.0	0.0	0.09056945545114911	0.37359900373599003	0.0	0.0	0.0	0.0	0.0	0.0	0.0	0.0	0.0	0.0	0.0	0.0	0.0	0.0	0.022642363862787278	0.12453300124533001	0.12453300124533001	0.0	0.0	0.35095663987320275	0.0	0.0	0.0	0.022642363862787278	0.0	0.0	0.0	0.35095663987320275	0.0	0.0	0.0	0.0	0.0	0.05660590965696819	0.011321181931393639	0.0	0.0	0.0	0.0	0.0	0.0	0.0	0.0	0.0	0.0	0.0	0.0	0.0	0.0	0.0	0.0	0.011321181931393639	0.0	0.0	0.0	0.0	0.0	0.0	0.0	0.0	0.0	0.0	0.0	0.011321181931393639	0.0	0.0	0.011321181931393639	0.0	0.0	0.0	0.0	0.0	0.0	0.0	0.011321181931393639	0.0	0.0	0.0	0.0	0.43020491339295824	0.0	0.0	0.011321181931393639	0.0	0.0	0.0	0.0	0.0	0.0	0.0	0.11321181931393638	0.0	0.0	0.0	0.011321181931393639	0.0	0.0	0.0	0.0	0.0	0.0	0.0	0.0	0.0	0.0	0.0	0.0	0.0	0.0	0.0	0.0	0.0	0.0	0.0	0.0	0.0	0.0	0.0	0.0	0.0	0.0	0.0	0.0	0.0	0.0	0.0	0.0	0.0	0.0	0.0	0.0	0.0	0.0	0.0	0.0	0.0	0.0	0.011321181931393639	0.0	0.0	0.0	0.0	0.011321181931393639	0.0	0.0	0.0	1.2226876485905127	0.0	0.0	0.0	0.0	0.0	0.0	0.0	0.0	0.0	0.0	0.0	0.0	0.0	0.0	0.0	0.0	0.0	0.0	0.0	0.0	0.0	0.0	0.0	0.0	0.0	0.6679497339522246	0.0	0.011321181931393639	0.0	0.0	0.0	0.0	0.0	0.0	0.0	0.011321181931393639	0.0	0.0	0.0	0.0	0.0	0.0	0.011321181931393639	0.011321181931393639	0.0	0.0	0.045284727725574556	0.0	0.11321181931393638	5.5813426921770635	0.0	0.0	0.0	0.0	0.0	0.0	0.0	0.0	0.0	0.0	0.0	0.0	0.0	0.0	0.045284727725574556	0.0	0.03396354579418091	0.0	0.0	0.0	0.0	0.0	0.0	0.0	0.0	0.0	0.0	0.0	0.0	0.022642363862787278	0.0	0.0	0.0	0.011321181931393639	0.0	0.05660590965696819	0.022642363862787278	1.2453300124533	0.0	0.0	0.0	0.0	0.0	0.011321181931393639	0.0	0.0	0.0	0.022642363862787278	0.18113891090229822	0.0	0.0	0.0	0.3169930940790218	0.0	0.0	0.0	0.0	0.03396354579418091	0.0	0.0	0.0	0.0	0.0	0.0	0.0	0.0	0.0	0.0	0.0	0.0	0.011321181931393639	0.0	0.0	0.0	0.0	0.0	0.0	0.0	0.0	0.13585418317672365	0.0	0.0	0.32831427601041546	0.0	0.03396354579418091	0.07924827351975545	0.0	0.0	0.03396354579418091	0.0	0.10189063738254274	0.0	0.0	0.05660590965696819	0.0	0.0	0.0	0.011321181931393639	0.03396354579418091	1.7434620174346203	0.0	0.03396354579418091	0.0	0.0	1.709498471640439	0.0	0.0	0.0	0.0	0.0	0.0	0.0	0.0	0.0	0.0	0.0	0.011321181931393639	0.0	0.0	0.0	0.0	0.011321181931393639	0.0	0.0	0.0	0.0	15.747764066568552	0.022642363862787278	0.0	0.0	0.0	0.0	0.0	0.0	0.0	0.32831427601041546	0.0	0.0	0.0	0.022642363862787278	0.0	0.0	0.0	0.022642363862787278	0.011321181931393639	0.19246009283369184	0.0	0.0	0.0	0.0	0.0	0.0	0.0
cleaned_SRR35556009_1	0.0	0.0	0.0	0.0	0.0	0.1446968600781363	6.250904355375489	0.0	0.0	0.0	58.94950079583273	0.0	0.0	0.0	0.0	0.0	0.0	0.3906815222109681	0.0	0.0	0.0	0.0	0.0	0.0	0.08681811604688178	0.0	0.0	0.0	0.0	0.0	0.0	0.0	0.0	0.0	0.0	0.0	0.0	0.0	0.0	0.0	0.0	0.7379539863984952	0.02893937201562726	0.0	0.04340905802344089	0.0	0.0	0.0	0.0	0.0	0.0	0.0	0.0	0.0	0.01446968600781363	0.0	0.0	0.0	0.0	0.0	0.0	0.0	0.0	0.05787874403125452	0.0	0.0	0.0	0.01446968600781363	0.0	0.0	0.0	0.0	0.0	0.01446968600781363	0.0	0.0	0.0	0.0	0.02893937201562726	0.0	0.0	0.0	0.0	0.0	1.1141658226016495	0.0	0.02893937201562726	0.0	0.01446968600781363	0.0	0.02893937201562726	0.05787874403125452	0.0	0.0	0.0	0.0	3.5884821299377805	0.0	0.02893937201562726	0.0	0.01446968600781363	0.01446968600781363	0.0	0.0	0.0	0.0	0.0	0.0	0.0	0.0	0.0	0.0	0.0	0.0	0.0	0.0	0.0	0.08681811604688178	0.11575748806250905	0.0	0.0	0.10128780205469541	0.0	0.0	0.0	0.1881059181015772	0.0	0.0	0.0	0.1446968600781363	0.0	0.0	0.0	0.0	0.0	0.13022717407032267	0.01446968600781363	0.0	0.0	0.0	0.0	0.0	0.0	0.0	0.0	0.0	0.0	0.0	0.0	0.0	0.0	0.0	0.0	0.21704529011720447	0.0	0.0	0.0	0.0	0.0	0.0	0.0	0.0	0.0	0.0	0.0	0.0	0.0	0.0	0.01446968600781363	0.0	0.0	0.0	0.0	0.0	0.0	0.0	0.0	0.0	0.0	0.0	0.0	0.41962089422659526	0.0	0.0	0.01446968600781363	0.0	0.0	0.0	0.0	0.0	0.0	0.01446968600781363	0.04340905802344089	0.0	0.0	0.0	0.0	0.0	0.0	0.0	0.0	0.0	0.0	0.0	0.0	0.0	0.0	0.0	0.0	0.0	0.0	0.0	0.0	0.0	0.0	0.0	0.0	0.0	0.0	0.0	0.0	0.0	0.0	0.0	0.0	0.0	0.0	0.0	0.0	0.0	0.0	0.0	0.0	0.01446968600781363	0.0	0.0	0.0	0.0	0.0	0.01446968600781363	0.0	0.0	0.0	0.0	0.6800752423672406	0.0	0.0	0.0	17.73983504557951	0.0	0.0	0.0	0.01446968600781363	0.0	0.0	0.0	0.0	0.0	0.0	0.0	0.0	0.0	0.0	0.0	0.0	0.0	0.0	0.0	0.0	0.0	0.0	0.0	0.0	0.0	0.0	0.0	0.0	0.0	0.0	0.0	0.0	0.0	0.0	0.0	0.0	0.0	0.0	0.0	0.0	0.0	0.0	0.0	0.0	0.0	0.0	0.01446968600781363	0.0	0.01446968600781363	0.40515120821878164	0.0	0.0	0.0	0.0	0.0	0.0	0.0	0.0	0.0	0.0	0.01446968600781363	0.0	0.0	0.0	0.0	0.0	0.0	0.0	0.0	0.0	0.0	0.0	0.0	0.0	0.0	0.02893937201562726	0.0	0.0	0.0	0.04340905802344089	0.0	0.0	0.01446968600781363	0.0	0.0	0.07234843003906816	0.0	3.5884821299377805	0.0	0.0	0.0	0.0	0.0	0.0	0.0	0.0	0.0	0.04340905802344089	0.31833309217189987	0.0	0.0	0.0	0.2315149761250181	0.0	0.0	0.0	0.0	0.01446968600781363	0.0	0.0	0.0	0.0	0.0	0.0	0.0	0.0	0.0	0.0	0.0	0.0	0.0	0.0	0.0	0.0	0.0	0.0	0.0	0.0	0.0	0.20257560410939082	0.0	0.0	0.33280277817971354	0.0	0.05787874403125452	0.04340905802344089	0.0	0.26045434814064533	0.0	0.0	0.01446968600781363	0.0	0.0	0.01446968600781363	0.01446968600781363	0.0	0.0	0.01446968600781363	0.01446968600781363	0.01446968600781363	0.0	0.07234843003906816	0.0	0.0	1.5771957748516856	0.01446968600781363	0.0	0.0	0.01446968600781363	0.0	0.0	0.0	0.0	0.0	0.0	0.0	0.0	0.02893937201562726	0.0	0.0	0.0	0.0	0.0	0.01446968600781363	0.0	0.0	0.01446968600781363	0.0	0.0	0.0	0.0	0.0	0.0	0.0	0.0	0.4630299522500362	0.0	0.0	0.0	0.02893937201562726	0.0	0.0	0.0	0.0	0.0	0.3617421501953408	0.0	0.0	0.0	0.0	0.0	0.0	0.0
cleaned_SRR35556009_2	0.0	0.0	0.0	0.0	0.0	0.10521569216894633	6.162633398466856	0.0	0.0	0.0	59.38674282278671	0.015030813166992335	0.0	0.0	0.0	0.0	0.0	0.360739516007816	0.0	0.0	0.0	0.0	0.0	0.0	0.090184879001954	0.0	0.0	0.0	0.0	0.0	0.0	0.0	0.015030813166992335	0.0	0.0	0.0	0.0	0.0	0.0	0.0	0.0	0.8717871636855554	0.03006162633398467	0.0	0.045092439500977	0.0	0.0	0.0	0.0	0.015030813166992335	0.0	0.0	0.0	0.0	0.0	0.0	0.0	0.0	0.0	0.0	0.0	0.0	0.0	0.045092439500977	0.015030813166992335	0.0	0.0	0.015030813166992335	0.0	0.0	0.0	0.0	0.0	0.015030813166992335	0.0	0.0	0.0	0.0	0.015030813166992335	0.0	0.0	0.0	0.0	0.0	1.0972493611904404	0.0	0.03006162633398467	0.0	0.015030813166992335	0.015030813166992335	0.015030813166992335	0.090184879001954	0.0	0.0	0.0	0.0	3.502179467909214	0.0	0.03006162633398467	0.0	0.06012325266796934	0.045092439500977	0.0	0.0	0.0	0.0	0.0	0.0	0.0	0.0	0.0	0.0	0.0	0.0	0.0	0.0	0.0	0.10521569216894633	0.090184879001954	0.0	0.0	0.07515406583496166	0.0	0.0	0.0	0.15030813166992332	0.0	0.0	0.0	0.19540057117090034	0.0	0.0	0.0	0.0	0.0	0.12024650533593868	0.0	0.0	0.0	0.0	0.0	0.0	0.0	0.0	0.0	0.0	0.0	0.0	0.0	0.0	0.0	0.0	0.0	0.180369758003908	0.0	0.0	0.0	0.0	0.0	0.0	0.0	0.0	0.0	0.0	0.0	0.0	0.0	0.0	0.015030813166992335	0.0	0.0	0.0	0.0	0.0	0.0	0.0	0.0	0.0	0.0	0.0	0.0	0.4659552081767624	0.0	0.0	0.015030813166992335	0.0	0.0	0.0	0.0	0.0	0.0	0.015030813166992335	0.045092439500977	0.0	0.0	0.0	0.0	0.0	0.0	0.0	0.0	0.0	0.0	0.0	0.0	0.0	0.0	0.0	0.0	0.0	0.0	0.0	0.0	0.0	0.0	0.0	0.0	0.0	0.0	0.0	0.0	0.0	0.0	0.0	0.0	0.0	0.0	0.0	0.0	0.0	0.0	0.0	0.0	0.0	0.0	0.0	0.0	0.0	0.0	0.015030813166992335	0.0	0.0	0.0	0.0	0.541109274011724	0.0	0.0	0.0	17.540958965880055	0.0	0.0	0.0	0.0	0.0	0.0	0.0	0.0	0.0	0.0	0.0	0.0	0.0	0.0	0.0	0.0	0.0	0.0	0.0	0.0	0.0	0.0	0.0	0.0	0.0	0.0	0.0	0.0	0.0	0.0	0.0	0.0	0.0	0.0	0.0	0.0	0.0	0.0	0.0	0.0	0.0	0.0	0.0	0.0	0.0	0.0	0.03006162633398467	0.0	0.015030813166992335	0.405831955508793	0.0	0.0	0.0	0.0	0.0	0.0	0.0	0.0	0.0	0.0	0.0	0.0	0.0	0.0	0.0	0.0	0.0	0.0	0.0	0.0	0.0	0.0	0.0	0.0	0.0	0.03006162633398467	0.0	0.0	0.0	0.045092439500977	0.0	0.0	0.0	0.0	0.0	0.07515406583496166	0.0	3.682549225913122	0.0	0.0	0.0	0.0	0.0	0.0	0.0	0.0	0.0	0.06012325266796934	0.270554637005862	0.0	0.0	0.0	0.22546219750488503	0.0	0.0	0.0	0.0	0.015030813166992335	0.0	0.0	0.0	0.0	0.0	0.0	0.0	0.0	0.0	0.0	0.0	0.0	0.0	0.0	0.0	0.0	0.0	0.0	0.0	0.0	0.0	0.2555238238388697	0.0	0.0	0.3306778896738314	0.0	0.06012325266796934	0.03006162633398467	0.0	0.21043138433789266	0.0	0.0	0.0	0.0	0.0	0.0	0.015030813166992335	0.0	0.0	0.0	0.03006162633398467	0.015030813166992335	0.0	0.07515406583496166	0.0	0.0	1.623327822035172	0.0	0.0	0.0	0.0	0.0	0.0	0.0	0.0	0.0	0.0	0.0	0.0	0.03006162633398467	0.0	0.0	0.0	0.0	0.0	0.015030813166992335	0.0	0.0	0.03006162633398467	0.0	0.0	0.0	0.0	0.0	0.0	0.0	0.0	0.405831955508793	0.0	0.0	0.0	0.03006162633398467	0.0	0.0	0.0	0.0	0.0	0.31564707650683904	0.0	0.0	0.0	0.0	0.0	0.0	0.0
cleaned_SRR35939735_1	0.0	0.0	0.0	0.0	0.0	0.0	23.300970873786408	0.0	0.0	0.0	0.9708737864077669	0.0	0.0	0.0	0.0	0.0	0.0	0.0	0.0	0.0	0.0	0.0	0.0	0.0	0.0	0.0	0.0	0.0	0.0	0.0	0.0	0.0	0.0	0.0	0.0	0.0	0.0	0.0	0.0	0.0	0.0	0.0	0.0	0.0	0.0	0.0	0.0	0.0	0.0	0.0	0.0	0.0	0.0	0.0	0.0	0.0	0.0	0.0	0.0	0.0	0.0	0.0	0.0	0.0	0.0	0.0	0.0	0.0	0.0	0.0	0.0	0.0	0.0	0.0	0.0	0.0	0.0	0.0	0.0	0.0	0.0	0.0	0.0	0.0	0.0	0.0	0.0	0.0	0.0	0.0	0.0	0.0	0.0	0.0	0.0	0.0	0.0	0.0	0.0	0.0	0.0	0.0	0.0	0.0	0.0	0.0	0.0	0.0	0.0	0.0	0.0	0.0	0.0	0.0	0.0	0.0	0.0	0.0	0.0	0.0	0.0	0.0	0.0	0.0	0.0	0.0	0.0	0.0	0.0	0.9708737864077669	0.0	0.0	0.0	0.0	0.0	0.0	0.0	0.0	0.0	0.0	0.0	0.0	0.0	0.0	0.0	0.0	0.0	0.0	0.0	0.0	0.0	0.0	0.0	0.0	0.0	0.0	0.0	0.0	0.0	0.0	0.0	0.0	0.0	0.0	0.0	0.0	0.0	0.0	0.0	0.0	0.0	0.0	0.0	0.0	0.0	0.0	0.0	0.0	0.0	0.0	0.0	0.0	0.0	0.0	0.0	0.0	0.0	0.0	0.0	0.0	0.0	0.0	0.0	0.0	0.0	0.0	0.0	0.0	0.0	0.0	0.0	0.0	0.0	0.0	0.0	0.0	0.0	0.0	0.0	0.0	0.0	0.0	0.0	0.0	0.0	0.0	0.0	0.0	0.0	0.0	0.0	0.0	0.0	0.0	0.0	0.0	0.0	0.0	0.0	0.0	0.0	0.0	0.0	0.0	0.0	0.0	0.0	0.0	0.0	0.0	0.0	0.0	0.0	0.0	0.0	0.0	0.0	0.0	0.0	0.0	0.0	0.0	0.0	0.0	0.0	0.0	0.0	0.0	0.0	0.0	0.0	0.0	0.0	0.0	0.0	0.0	0.0	0.0	0.0	0.0	0.0	0.0	0.0	0.0	0.0	0.0	0.0	0.0	0.0	0.0	0.0	0.0	0.0	0.0	0.9708737864077669	0.0	0.0	0.0	0.0	0.0	0.0	0.0	0.0	0.0	0.0	0.0	0.0	0.0	0.0	0.0	0.0	0.0	0.0	0.0	0.0	0.0	0.0	0.0	0.0	0.0	0.0	0.0	0.0	0.0	0.0	0.0	0.0	0.0	0.0	0.0	0.0	0.0	0.0	0.0	0.0	0.0	0.0	0.0	1.9417475728155338	0.0	0.0	0.0	0.0	0.0	0.0	0.0	8.737864077669903	0.0	0.0	0.0	0.0	0.0	0.0	0.0	0.0	0.0	0.0	0.9708737864077669	0.0	0.0	0.0	0.0	0.0	0.0	0.0	0.0	0.0	0.0	0.0	0.0	0.0	0.0	0.0	0.0	0.0	0.0	0.0	0.0	0.0	0.0	0.0	0.0	0.0	0.0	0.0	0.0	0.0	0.0	0.0	0.0	0.0	37.86407766990291	0.0	0.0	0.0	0.0	0.0	0.0	0.0	0.0	0.0	0.0	0.0	0.0	0.0	0.0	0.0	0.9708737864077669	0.0	0.0	19.41747572815534	0.0	0.0	0.0	0.0	0.0	0.0	0.0	0.0	0.0	0.0	0.0	0.0	0.0	0.0	0.0	0.0	0.0	0.0	0.0	0.0	0.0	0.0	0.0	0.0	0.0	0.0	0.0	0.0	0.0	0.0	0.0	0.0	0.0	0.0	3.8834951456310676	0.0	0.0	0.0	0.0	0.0	0.0	0.0	0.0	0.0	0.0	0.0	0.0	0.0	0.0	0.0	0.0
cleaned_SRR35939735_2	0.0	0.0	0.0	0.0	0.0	0.0	29.11392405063291	0.0	0.0	0.0	1.2658227848101267	0.0	0.0	0.0	0.0	0.0	0.0	0.0	0.0	0.0	0.0	0.0	0.0	0.0	0.0	0.0	0.0	0.0	0.0	0.0	0.0	0.0	0.0	0.0	0.0	0.0	0.0	0.0	0.0	0.0	0.0	0.0	0.0	0.0	0.0	0.0	0.0	0.0	0.0	0.0	0.0	0.0	0.0	0.0	0.0	0.0	0.0	0.0	0.0	0.0	0.0	0.0	0.0	0.0	0.0	0.0	0.0	0.0	0.0	0.0	0.0	0.0	0.0	0.0	0.0	0.0	0.0	0.0	0.0	0.0	0.0	0.0	0.0	0.0	1.2658227848101267	0.0	0.0	0.0	0.0	0.0	0.0	0.0	0.0	0.0	0.0	0.0	1.2658227848101267	0.0	0.0	0.0	0.0	0.0	0.0	0.0	0.0	0.0	0.0	0.0	0.0	0.0	0.0	0.0	0.0	0.0	0.0	0.0	0.0	0.0	0.0	0.0	0.0	0.0	0.0	0.0	0.0	0.0	0.0	0.0	0.0	1.2658227848101267	0.0	0.0	0.0	0.0	0.0	0.0	0.0	0.0	0.0	0.0	0.0	0.0	0.0	0.0	0.0	0.0	0.0	0.0	0.0	0.0	0.0	0.0	0.0	0.0	0.0	0.0	0.0	0.0	0.0	0.0	0.0	0.0	0.0	0.0	0.0	0.0	0.0	0.0	0.0	0.0	0.0	0.0	0.0	0.0	0.0	0.0	0.0	0.0	0.0	0.0	0.0	0.0	0.0	0.0	0.0	0.0	0.0	0.0	0.0	0.0	0.0	0.0	0.0	0.0	0.0	0.0	0.0	0.0	0.0	0.0	0.0	0.0	0.0	0.0	0.0	0.0	0.0	0.0	0.0	0.0	0.0	0.0	0.0	0.0	0.0	0.0	0.0	0.0	0.0	0.0	0.0	0.0	0.0	0.0	0.0	1.2658227848101267	0.0	0.0	0.0	0.0	0.0	0.0	0.0	0.0	0.0	0.0	0.0	0.0	0.0	0.0	0.0	0.0	0.0	0.0	0.0	0.0	1.2658227848101267	0.0	0.0	0.0	0.0	0.0	0.0	0.0	0.0	0.0	0.0	0.0	0.0	0.0	0.0	0.0	0.0	0.0	0.0	0.0	0.0	0.0	0.0	0.0	0.0	0.0	0.0	0.0	0.0	0.0	0.0	0.0	0.0	0.0	0.0	0.0	0.0	0.0	0.0	0.0	0.0	0.0	0.0	0.0	0.0	0.0	0.0	0.0	0.0	0.0	0.0	0.0	0.0	0.0	0.0	0.0	0.0	0.0	0.0	0.0	0.0	0.0	0.0	0.0	0.0	0.0	0.0	0.0	0.0	0.0	0.0	0.0	0.0	0.0	0.0	0.0	0.0	0.0	0.0	0.0	0.0	0.0	0.0	0.0	0.0	0.0	0.0	0.0	0.0	0.0	18.9873417721519	0.0	0.0	0.0	0.0	0.0	0.0	0.0	0.0	0.0	0.0	0.0	0.0	0.0	0.0	0.0	0.0	0.0	0.0	0.0	0.0	0.0	0.0	0.0	0.0	0.0	0.0	0.0	0.0	0.0	0.0	0.0	0.0	0.0	0.0	0.0	0.0	0.0	0.0	0.0	0.0	0.0	0.0	0.0	0.0	37.9746835443038	0.0	0.0	0.0	0.0	0.0	0.0	0.0	0.0	0.0	0.0	0.0	0.0	0.0	0.0	0.0	1.2658227848101267	0.0	0.0	0.0	0.0	0.0	0.0	0.0	0.0	0.0	0.0	0.0	0.0	0.0	0.0	0.0	0.0	0.0	0.0	0.0	0.0	0.0	0.0	0.0	0.0	0.0	0.0	0.0	0.0	0.0	0.0	0.0	0.0	0.0	0.0	0.0	0.0	0.0	5.063291139240507	0.0	0.0	0.0	0.0	0.0	0.0	0.0	0.0	0.0	0.0	0.0	0.0	0.0	0.0	0.0	0.0
cleaned_SRR35939736_1	0.0	0.0	0.0	0.0	0.0	0.0	0.0	0.0	0.0	0.0	0.0	0.0	0.0	0.0	0.0	0.0	0.0	0.0	0.0	0.0	0.0	0.0	0.0	0.0	0.0	0.0	0.0	0.0	0.0	0.0	0.0	0.0	0.0	0.0	0.0	0.0	0.0	0.0	0.0	0.0	0.0	0.0	0.0	0.0	0.0	0.0	0.0	0.0	0.0	0.0	0.0	0.0	0.0	0.0	0.0	0.0	0.0	0.0	0.0	0.0	0.0	0.0	0.0	0.0	0.0	0.0	0.0	0.0	0.0	0.0	0.0	0.0	0.0	0.0	0.0	0.0	0.0	0.0	0.0	0.0	0.0	0.0	0.0	0.0	0.0	0.0	0.0	0.0	0.0	0.0	0.0	0.0	0.0	0.0	0.0	0.0	0.0	0.0	0.0	0.0	0.0	0.0	0.0	0.0	0.0	0.0	0.0	0.0	0.0	0.0	0.0	0.0	0.0	0.0	0.0	0.0	0.0	0.0	0.0	0.0	0.0	0.0	0.0	0.0	0.0	0.0	0.0	0.0	0.0	0.0	0.0	0.0	0.0	0.0	0.0	0.0	0.0	0.0	0.0	0.0	0.0	0.0	0.0	0.0	0.0	0.0	0.0	0.0	0.0	0.0	0.0	0.0	0.0	0.0	0.0	0.0	0.0	0.0	0.0	0.0	0.0	0.0	0.0	0.0	0.0	0.0	0.0	0.0	0.0	0.0	0.0	0.0	0.0	0.0	0.0	0.0	0.0	0.0	0.0	0.0	0.0	0.0	0.0	0.0	0.0	0.0	0.0	0.0	0.0	0.0	0.0	0.0	0.0	0.0	0.0	0.0	0.0	0.0	0.0	0.0	0.0	0.0	0.0	0.0	0.0	0.0	0.0	0.0	0.0	0.0	0.0	0.0	0.0	0.0	0.0	0.0	0.0	0.0	0.0	0.0	0.0	0.0	0.0	0.0	0.0	0.0	0.0	0.0	0.0	0.0	0.0	0.0	0.0	0.0	0.0	0.0	0.0	0.0	0.0	0.0	0.0	0.0	0.0	0.0	0.0	0.0	0.0	0.0	0.0	0.0	0.0	0.0	0.0	0.0	0.0	0.0	0.0	0.0	0.0	0.0	0.0	0.0	0.0	0.0	0.0	0.0	0.0	0.0	0.0	0.0	0.0	0.0	0.0	0.0	0.0	0.0	0.0	0.0	0.0	0.0	0.0	0.0	0.0	0.0	0.0	0.0	0.0	0.0	0.0	0.0	0.0	0.0	0.0	0.0	0.0	0.0	0.0	0.0	0.0	0.0	0.0	0.0	0.0	0.0	0.0	0.0	0.0	0.0	0.0	0.0	0.0	0.0	0.0	0.0	0.0	0.0	0.0	0.0	0.0	0.0	0.0	0.0	0.0	0.0	0.0	0.0	0.0	0.0	0.0	0.0	0.0	0.0	0.0	0.0	0.0	0.0	0.0	0.0	0.0	0.0	0.0	0.0	0.0	0.0	0.0	0.0	0.0	0.0	0.0	0.0	0.0	0.0	0.0	0.0	0.0	0.0	0.0	0.0	0.0	0.0	0.0	0.0	0.0	0.0	0.0	0.0	0.0	0.0	0.0	0.0	0.0	0.0	0.0	0.0	0.0	0.0	0.0	0.0	0.0	0.0	0.0	0.0	0.0	0.0	0.0	0.0	0.0	0.0	0.0	0.0	0.0	0.0	0.0	0.0	0.0	0.0	0.0	0.0	0.0	0.0	0.0	0.0	0.0	0.0	0.0	0.0	0.0	0.0	0.0	0.0	0.0	0.0	0.0	0.0	0.0	0.0	0.0	0.0	0.0	0.0	0.0	0.0	0.0	0.0	0.0	0.0	0.0	0.0	0.0	0.0	0.0	0.0	0.0	0.0	0.0	0.0	0.0	0.0	0.0	0.0	0.0	0.0	0.0	0.0	0.0	0.0	0.0	0.0	0.0	0.0	0.0	0.0
cleaned_SRR35939736_2	0.0	0.0	0.0	0.0	0.0	0.0	0.0	0.0	0.0	0.0	0.0	0.0	0.0	0.0	0.0	0.0	0.0	0.0	0.0	0.0	0.0	0.0	0.0	0.0	0.0	0.0	0.0	0.0	0.0	0.0	0.0	0.0	0.0	0.0	0.0	0.0	0.0	0.0	0.0	0.0	0.0	0.0	0.0	0.0	0.0	0.0	0.0	0.0	0.0	0.0	0.0	0.0	0.0	0.0	0.0	0.0	0.0	0.0	0.0	0.0	0.0	0.0	0.0	0.0	0.0	0.0	0.0	0.0	0.0	0.0	0.0	0.0	0.0	0.0	0.0	0.0	0.0	0.0	0.0	0.0	0.0	0.0	0.0	0.0	0.0	0.0	0.0	0.0	0.0	0.0	0.0	0.0	0.0	0.0	0.0	0.0	0.0	0.0	0.0	0.0	0.0	0.0	0.0	0.0	0.0	0.0	0.0	0.0	0.0	0.0	0.0	0.0	0.0	0.0	0.0	0.0	0.0	0.0	0.0	0.0	0.0	0.0	0.0	0.0	0.0	0.0	0.0	0.0	0.0	0.0	0.0	0.0	0.0	0.0	0.0	0.0	0.0	0.0	0.0	0.0	0.0	0.0	0.0	0.0	0.0	0.0	0.0	0.0	0.0	0.0	0.0	0.0	0.0	0.0	0.0	0.0	0.0	0.0	0.0	0.0	0.0	0.0	0.0	0.0	0.0	0.0	0.0	0.0	0.0	0.0	0.0	0.0	0.0	0.0	0.0	0.0	0.0	0.0	0.0	0.0	0.0	0.0	0.0	0.0	0.0	0.0	0.0	0.0	0.0	0.0	0.0	0.0	0.0	0.0	0.0	0.0	0.0	0.0	0.0	0.0	0.0	0.0	0.0	0.0	0.0	0.0	0.0	0.0	0.0	0.0	0.0	0.0	0.0	0.0	0.0	0.0	0.0	0.0	0.0	0.0	0.0	0.0	0.0	0.0	0.0	100.0	0.0	0.0	0.0	0.0	0.0	0.0	0.0	0.0	0.0	0.0	0.0	0.0	0.0	0.0	0.0	0.0	0.0	0.0	0.0	0.0	0.0	0.0	0.0	0.0	0.0	0.0	0.0	0.0	0.0	0.0	0.0	0.0	0.0	0.0	0.0	0.0	0.0	0.0	0.0	0.0	0.0	0.0	0.0	0.0	0.0	0.0	0.0	0.0	0.0	0.0	0.0	0.0	0.0	0.0	0.0	0.0	0.0	0.0	0.0	0.0	0.0	0.0	0.0	0.0	0.0	0.0	0.0	0.0	0.0	0.0	0.0	0.0	0.0	0.0	0.0	0.0	0.0	0.0	0.0	0.0	0.0	0.0	0.0	0.0	0.0	0.0	0.0	0.0	0.0	0.0	0.0	0.0	0.0	0.0	0.0	0.0	0.0	0.0	0.0	0.0	0.0	0.0	0.0	0.0	0.0	0.0	0.0	0.0	0.0	0.0	0.0	0.0	0.0	0.0	0.0	0.0	0.0	0.0	0.0	0.0	0.0	0.0	0.0	0.0	0.0	0.0	0.0	0.0	0.0	0.0	0.0	0.0	0.0	0.0	0.0	0.0	0.0	0.0	0.0	0.0	0.0	0.0	0.0	0.0	0.0	0.0	0.0	0.0	0.0	0.0	0.0	0.0	0.0	0.0	0.0	0.0	0.0	0.0	0.0	0.0	0.0	0.0	0.0	0.0	0.0	0.0	0.0	0.0	0.0	0.0	0.0	0.0	0.0	0.0	0.0	0.0	0.0	0.0	0.0	0.0	0.0	0.0	0.0	0.0	0.0	0.0	0.0	0.0	0.0	0.0	0.0	0.0	0.0	0.0	0.0	0.0	0.0	0.0	0.0	0.0	0.0	0.0	0.0	0.0	0.0	0.0	0.0	0.0	0.0	0.0	0.0	0.0	0.0	0.0	0.0	0.0	0.0	0.0	0.0	0.0	0.0	0.0	0.0	0.0	0.0	0.0
cleaned_SRR35939737_1	0.0	0.0	0.0	0.0	0.0	0.0	0.0	0.0	0.0	0.0	0.0	0.0	0.0	0.0	0.0	0.0	0.0	0.0	0.0	0.0	0.0	0.0	0.0	0.0	0.0	0.0	0.0	0.0	0.0	0.0	0.0	0.0	0.0	0.0	0.0	0.0	0.0	0.0	0.0	0.0	0.0	0.0	0.0	0.0	0.0	0.0	0.0	0.0	0.0	0.0	0.0	0.0	0.0	0.0	0.0	0.0	0.0	0.0	0.0	0.0	0.0	0.0	0.0	0.0	0.0	0.0	0.0	0.0	0.0	0.0	0.0	0.0	0.0	0.0	0.0	0.0	0.0	0.0	0.0	0.0	0.0	0.0	0.0	0.0	0.0	0.0	0.0	0.0	0.0	0.0	0.0	0.0	0.0	0.0	0.0	0.0	0.0	0.0	0.0	0.0	0.0	0.0	0.0	0.0	0.0	0.0	0.0	0.0	0.0	0.0	0.0	0.0	0.0	0.0	0.0	0.0	0.0	0.0	0.0	0.0	0.0	0.0	0.0	0.0	0.0	0.0	0.0	0.0	0.0	0.0	0.0	0.0	0.0	0.0	0.0	0.0	0.0	0.0	0.0	0.0	0.0	0.0	0.0	0.0	0.0	0.0	0.0	0.0	0.0	0.0	0.0	0.0	0.0	0.0	0.0	0.0	0.0	0.0	0.0	0.0	0.0	0.0	0.0	0.0	0.0	0.0	0.0	0.0	0.0	0.0	0.0	0.0	0.0	0.0	0.0	0.0	0.0	0.0	0.0	0.0	0.0	0.0	0.0	0.0	0.0	0.0	0.0	0.0	0.0	0.0	0.0	0.0	0.0	0.0	0.0	0.0	0.0	0.0	0.0	0.0	0.0	0.0	0.0	0.0	0.0	0.0	0.0	0.0	0.0	0.0	0.0	0.0	0.0	0.0	0.0	0.0	0.0	0.0	0.0	0.0	0.0	0.0	0.0	0.0	0.0	0.0	0.0	0.0	0.0	0.0	0.0	0.0	0.0	0.0	0.0	0.0	0.0	0.0	0.0	0.0	0.0	0.0	0.0	0.0	0.0	0.0	0.0	0.0	0.0	0.0	0.0	0.0	0.0	0.0	0.0	0.0	0.0	0.0	0.0	0.0	0.0	0.0	0.0	0.0	0.0	0.0	0.0	0.0	0.0	0.0	0.0	0.0	0.0	0.0	0.0	0.0	0.0	0.0	0.0	0.0	0.0	0.0	0.0	0.0	0.0	0.0	0.0	0.0	0.0	0.0	0.0	0.0	0.0	0.0	0.0	0.0	0.0	0.0	0.0	0.0	0.0	0.0	0.0	0.0	0.0	0.0	0.0	0.0	0.0	0.0	0.0	0.0	0.0	0.0	0.0	0.0	0.0	0.0	0.0	0.0	0.0	0.0	0.0	0.0	0.0	0.0	0.0	0.0	0.0	0.0	0.0	0.0	0.0	0.0	0.0	0.0	0.0	0.0	0.0	0.0	0.0	0.0	0.0	0.0	0.0	0.0	0.0	0.0	0.0	0.0	0.0	0.0	0.0	0.0	0.0	0.0	0.0	0.0	0.0	0.0	0.0	0.0	0.0	0.0	0.0	0.0	0.0	0.0	0.0	0.0	0.0	0.0	0.0	0.0	0.0	0.0	0.0	0.0	0.0	0.0	0.0	0.0	0.0	0.0	0.0	0.0	0.0	0.0	0.0	0.0	0.0	0.0	0.0	0.0	0.0	0.0	0.0	0.0	0.0	0.0	0.0	0.0	0.0	0.0	0.0	0.0	0.0	0.0	0.0	0.0	0.0	0.0	0.0	0.0	0.0	0.0	0.0	0.0	0.0	0.0	0.0	0.0	0.0	0.0	0.0	0.0	0.0	0.0	0.0	0.0	0.0	0.0	0.0	0.0	0.0	0.0	0.0	0.0	0.0	0.0	0.0	0.0	0.0	0.0	0.0	0.0	0.0	0.0	0.0	0.0	0.0	0.0
cleaned_SRR35939737_2	0.0	0.0	0.0	0.0	0.0	0.0	0.0	0.0	0.0	0.0	0.0	0.0	0.0	0.0	0.0	0.0	0.0	0.0	0.0	0.0	0.0	0.0	0.0	0.0	0.0	0.0	0.0	0.0	0.0	0.0	0.0	0.0	0.0	0.0	0.0	0.0	0.0	0.0	0.0	0.0	0.0	0.0	0.0	0.0	0.0	0.0	0.0	0.0	0.0	0.0	0.0	0.0	0.0	0.0	0.0	0.0	0.0	0.0	0.0	0.0	0.0	0.0	0.0	0.0	0.0	0.0	0.0	0.0	0.0	0.0	0.0	0.0	0.0	0.0	0.0	0.0	0.0	0.0	0.0	0.0	0.0	0.0	0.0	0.0	0.0	0.0	0.0	0.0	0.0	0.0	0.0	0.0	0.0	0.0	0.0	0.0	0.0	0.0	0.0	0.0	0.0	0.0	0.0	0.0	0.0	0.0	0.0	0.0	0.0	0.0	0.0	0.0	0.0	0.0	0.0	0.0	0.0	0.0	0.0	0.0	0.0	0.0	0.0	0.0	0.0	0.0	0.0	0.0	0.0	0.0	0.0	0.0	0.0	0.0	0.0	0.0	0.0	0.0	0.0	0.0	0.0	0.0	0.0	0.0	0.0	0.0	0.0	0.0	0.0	0.0	0.0	0.0	0.0	0.0	0.0	0.0	0.0	0.0	0.0	0.0	0.0	0.0	0.0	0.0	0.0	0.0	0.0	0.0	0.0	0.0	0.0	0.0	0.0	0.0	0.0	0.0	0.0	0.0	0.0	0.0	0.0	0.0	0.0	0.0	0.0	0.0	0.0	0.0	0.0	0.0	0.0	0.0	0.0	0.0	0.0	0.0	0.0	0.0	0.0	0.0	0.0	0.0	0.0	0.0	0.0	0.0	0.0	0.0	0.0	0.0	0.0	0.0	0.0	0.0	0.0	0.0	0.0	0.0	0.0	0.0	0.0	0.0	0.0	0.0	0.0	100.0	0.0	0.0	0.0	0.0	0.0	0.0	0.0	0.0	0.0	0.0	0.0	0.0	0.0	0.0	0.0	0.0	0.0	0.0	0.0	0.0	0.0	0.0	0.0	0.0	0.0	0.0	0.0	0.0	0.0	0.0	0.0	0.0	0.0	0.0	0.0	0.0	0.0	0.0	0.0	0.0	0.0	0.0	0.0	0.0	0.0	0.0	0.0	0.0	0.0	0.0	0.0	0.0	0.0	0.0	0.0	0.0	0.0	0.0	0.0	0.0	0.0	0.0	0.0	0.0	0.0	0.0	0.0	0.0	0.0	0.0	0.0	0.0	0.0	0.0	0.0	0.0	0.0	0.0	0.0	0.0	0.0	0.0	0.0	0.0	0.0	0.0	0.0	0.0	0.0	0.0	0.0	0.0	0.0	0.0	0.0	0.0	0.0	0.0	0.0	0.0	0.0	0.0	0.0	0.0	0.0	0.0	0.0	0.0	0.0	0.0	0.0	0.0	0.0	0.0	0.0	0.0	0.0	0.0	0.0	0.0	0.0	0.0	0.0	0.0	0.0	0.0	0.0	0.0	0.0	0.0	0.0	0.0	0.0	0.0	0.0	0.0	0.0	0.0	0.0	0.0	0.0	0.0	0.0	0.0	0.0	0.0	0.0	0.0	0.0	0.0	0.0	0.0	0.0	0.0	0.0	0.0	0.0	0.0	0.0	0.0	0.0	0.0	0.0	0.0	0.0	0.0	0.0	0.0	0.0	0.0	0.0	0.0	0.0	0.0	0.0	0.0	0.0	0.0	0.0	0.0	0.0	0.0	0.0	0.0	0.0	0.0	0.0	0.0	0.0	0.0	0.0	0.0	0.0	0.0	0.0	0.0	0.0	0.0	0.0	0.0	0.0	0.0	0.0	0.0	0.0	0.0	0.0	0.0	0.0	0.0	0.0	0.0	0.0	0.0	0.0	0.0	0.0	0.0	0.0	0.0	0.0	0.0	0.0	0.0	0.0	0.0
cleaned_SRR35939738_1	0.0	0.0	0.0	0.0	0.0	0.0	0.0	0.0	0.0	0.0	0.0	0.0	0.0	0.0	0.0	0.0	0.0	0.0	0.0	0.0	0.0	0.0	0.0	0.0	0.0	0.0	0.0	0.0	0.0	0.0	0.0	0.0	0.0	0.0	0.0	0.0	0.0	0.0	0.0	0.0	0.0	0.0	0.0	0.0	0.0	0.0	0.0	0.0	0.0	0.0	0.0	0.0	0.0	0.0	0.0	0.0	0.0	0.0	0.0	0.0	0.0	0.0	0.0	0.0	0.0	0.0	0.0	0.0	0.0	0.0	0.0	0.0	0.0	0.0	0.0	0.0	0.0	0.0	0.0	0.0	0.0	0.0	0.0	0.0	0.0	0.0	0.0	0.0	0.0	0.0	0.0	0.0	0.0	0.0	0.0	0.0	0.0	0.0	0.0	0.0	0.0	0.0	0.0	0.0	0.0	0.0	0.0	0.0	0.0	0.0	0.0	0.0	0.0	0.0	0.0	0.0	0.0	0.0	0.0	0.0	0.0	0.0	0.0	0.0	0.0	0.0	0.0	0.0	0.0	0.23923444976076555	0.0	0.0	0.0	0.0	0.0	0.0	0.0	0.0	0.0	0.0	0.0	0.0	0.0	0.0	0.0	0.0	0.0	0.0	0.0	0.0	0.0	0.0	0.0	0.0	0.0	0.0	0.0	0.0	0.0	0.0	0.0	0.0	0.0	0.0	0.0	0.0	0.0	0.0	0.0	0.0	0.0	0.0	0.0	0.0	0.0	0.0	0.0	0.0	0.0	0.0	0.0	0.0	0.0	0.0	0.0	0.0	0.0	0.0	0.0	0.0	0.0	0.0	0.0	0.0	0.0	0.0	0.0	0.0	0.0	0.0	0.0	0.0	0.0	0.0	0.0	0.0	0.0	0.0	0.0	0.0	0.0	0.0	0.0	0.0	0.0	0.0	0.0	0.0	0.0	0.0	0.0	0.0	0.0	0.0	0.0	0.0	0.0	0.0	0.0	0.0	0.0	0.0	0.0	0.0	0.0	0.0	0.0	0.0	0.0	0.0	0.0	0.0	0.0	0.0	0.0	0.0	0.0	0.0	0.0	0.0	0.0	0.0	0.0	0.0	0.0	0.0	0.0	0.0	0.0	0.0	0.0	0.0	0.0	0.0	0.0	0.0	0.0	0.0	0.0	0.0	0.0	0.0	0.0	0.0	0.0	0.0	0.0	0.0	0.0	0.0	0.0	0.0	0.0	0.0	0.0	0.0	0.0	0.0	0.0	0.0	0.0	0.0	0.0	0.0	0.0	0.0	0.0	0.0	0.0	0.0	0.0	0.0	0.0	0.0	0.0	0.0	0.0	0.0	0.0	0.0	0.0	0.0	0.0	0.0	0.0	0.0	0.0	0.0	0.0	0.0	0.0	0.0	0.0	0.0	0.0	0.0	0.0	0.0	0.0	0.0	0.0	0.0	0.0	0.0	0.0	0.0	0.23923444976076555	0.0	0.0	0.0	0.0	0.0	0.0	0.0	0.0	0.0	0.0	0.0	0.0	0.0	0.0	0.0	0.0	0.0	0.0	0.0	0.0	0.0	0.0	0.0	0.0	0.0	0.0	0.0	0.0	0.0	0.0	0.0	0.0	0.0	0.0	0.0	0.0	0.0	0.0	0.0	0.0	0.0	0.0	0.0	0.0	0.0	0.0	0.0	0.0	0.0	0.0	0.0	0.0	0.0	0.0	0.0	0.0	0.0	0.0	0.0	0.0	0.0	0.0	0.0	0.0	0.0	0.0	99.52153110047847	0.0	0.0	0.0	0.0	0.0	0.0	0.0	0.0	0.0	0.0	0.0	0.0	0.0	0.0	0.0	0.0	0.0	0.0	0.0	0.0	0.0	0.0	0.0	0.0	0.0	0.0	0.0	0.0	0.0	0.0	0.0	0.0	0.0	0.0	0.0	0.0	0.0	0.0	0.0	0.0	0.0	0.0	0.0	0.0	0.0	0.0	0.0	0.0
cleaned_SRR35939738_2	0.0	0.0	0.0	0.0	0.0	0.0	0.0	0.0	0.0	0.0	0.0	0.0	0.0	0.0	0.0	0.0	0.0	0.0	0.0	0.0	0.0	0.0	0.0	0.0	0.0	0.0	0.0	0.0	0.0	0.0	0.0	0.0	0.0	0.0	0.0	0.0	0.0	0.0	0.0	0.0	0.0	0.0	0.0	0.0	0.0	0.0	0.0	0.0	0.0	0.0	0.0	0.0	0.0	0.0	0.0	0.0	0.0	0.0	0.0	0.0	0.0	0.0	0.0	0.0	0.0	0.0	0.0	0.0	0.0	0.0	0.0	0.0	0.0	0.0	0.0	0.0	0.0	0.0	0.0	0.0	0.0	0.0	0.0	0.0	0.0	0.0	0.0	0.0	0.0	0.0	0.0	0.0	0.0	0.0	0.0	0.0	0.0	0.0	0.0	0.0	0.0	0.0	0.0	0.0	0.0	0.0	0.0	0.0	0.0	0.0	0.0	0.0	0.0	0.0	0.0	0.0	0.0	0.0	0.0	0.0	0.0	0.0	0.0	0.0	0.0	0.0	0.0	0.0	0.0	0.0	0.0	0.0	0.0	0.0	0.0	0.0	0.0	0.0	0.0	0.0	0.0	0.0	0.0	0.0	0.0	0.0	0.0	0.0	0.0	0.0	0.0	0.0	0.0	0.0	0.0	0.0	0.0	0.0	0.0	0.0	0.0	0.0	0.0	0.0	0.0	0.0	0.0	0.0	0.0	0.0	0.0	0.0	0.0	0.0	0.0	0.0	0.0	0.0	0.0	0.0	0.0	0.0	0.0	0.0	0.0	0.0	0.0	0.0	0.0	0.0	0.0	0.0	0.0	0.0	0.0	0.0	0.0	0.0	0.0	0.0	0.0	0.0	0.0	0.0	0.0	0.0	0.0	0.0	0.0	0.0	0.0	0.0	0.0	0.0	0.0	0.0	0.0	0.0	0.0	0.0	0.0	0.0	0.0	0.0	0.0	0.0	0.0	0.0	0.0	0.0	0.0	0.0	0.0	0.0	0.0	0.0	0.0	0.0	0.0	0.0	0.0	0.0	0.0	0.0	0.0	0.0	0.0	0.0	0.0	0.0	0.0	0.0	0.0	0.0	0.0	0.0	0.0	0.0	0.0	0.0	0.0	0.0	0.0	0.0	0.0	0.0	0.0	0.0	0.0	0.0	0.0	0.0	0.0	0.0	0.0	0.0	0.0	0.0	0.0	0.0	0.0	0.0	0.0	0.0	0.0	0.0	0.0	0.0	0.0	0.0	0.0	0.0	0.0	0.0	0.0	0.0	0.0	0.0	0.0	0.0	0.0	0.0	0.0	0.0	0.0	0.0	0.0	0.0	0.0	0.0	0.0	0.0	0.0	0.0	0.0	0.0	0.0	0.0	0.0	0.0	0.0	0.0	0.0	0.0	0.0	0.0	0.0	0.0	0.0	0.0	0.0	0.0	0.0	0.0	0.0	0.0	25.0	0.0	0.0	0.0	0.0	0.0	0.0	0.0	0.0	0.0	0.0	0.0	0.0	0.0	0.0	0.0	0.0	0.0	0.0	0.0	0.0	0.0	0.0	0.0	0.0	0.0	0.0	0.0	0.0	0.0	0.0	0.0	0.0	0.0	0.0	0.0	0.0	0.0	0.0	0.0	0.0	0.0	0.0	0.0	0.0	62.5	0.0	0.0	0.0	0.0	0.0	0.0	0.0	0.0	0.0	0.0	0.0	0.0	0.0	0.0	0.0	0.0	0.0	0.0	0.0	0.0	0.0	12.5	0.0	0.0	0.0	0.0	0.0	0.0	0.0	0.0	0.0	0.0	0.0	0.0	0.0	0.0	0.0	0.0	0.0	0.0	0.0	0.0	0.0	0.0	0.0	0.0	0.0	0.0	0.0	0.0	0.0	0.0	0.0	0.0	0.0	0.0	0.0	0.0	0.0	0.0	0.0	0.0	0.0	0.0	0.0	0.0	0.0	0.0	0.0	0.0
cleaned_SRR35939739_1	0.0	0.0	0.0	0.0	0.0	0.0	100.0	0.0	0.0	0.0	0.0	0.0	0.0	0.0	0.0	0.0	0.0	0.0	0.0	0.0	0.0	0.0	0.0	0.0	0.0	0.0	0.0	0.0	0.0	0.0	0.0	0.0	0.0	0.0	0.0	0.0	0.0	0.0	0.0	0.0	0.0	0.0	0.0	0.0	0.0	0.0	0.0	0.0	0.0	0.0	0.0	0.0	0.0	0.0	0.0	0.0	0.0	0.0	0.0	0.0	0.0	0.0	0.0	0.0	0.0	0.0	0.0	0.0	0.0	0.0	0.0	0.0	0.0	0.0	0.0	0.0	0.0	0.0	0.0	0.0	0.0	0.0	0.0	0.0	0.0	0.0	0.0	0.0	0.0	0.0	0.0	0.0	0.0	0.0	0.0	0.0	0.0	0.0	0.0	0.0	0.0	0.0	0.0	0.0	0.0	0.0	0.0	0.0	0.0	0.0	0.0	0.0	0.0	0.0	0.0	0.0	0.0	0.0	0.0	0.0	0.0	0.0	0.0	0.0	0.0	0.0	0.0	0.0	0.0	0.0	0.0	0.0	0.0	0.0	0.0	0.0	0.0	0.0	0.0	0.0	0.0	0.0	0.0	0.0	0.0	0.0	0.0	0.0	0.0	0.0	0.0	0.0	0.0	0.0	0.0	0.0	0.0	0.0	0.0	0.0	0.0	0.0	0.0	0.0	0.0	0.0	0.0	0.0	0.0	0.0	0.0	0.0	0.0	0.0	0.0	0.0	0.0	0.0	0.0	0.0	0.0	0.0	0.0	0.0	0.0	0.0	0.0	0.0	0.0	0.0	0.0	0.0	0.0	0.0	0.0	0.0	0.0	0.0	0.0	0.0	0.0	0.0	0.0	0.0	0.0	0.0	0.0	0.0	0.0	0.0	0.0	0.0	0.0	0.0	0.0	0.0	0.0	0.0	0.0	0.0	0.0	0.0	0.0	0.0	0.0	0.0	0.0	0.0	0.0	0.0	0.0	0.0	0.0	0.0	0.0	0.0	0.0	0.0	0.0	0.0	0.0	0.0	0.0	0.0	0.0	0.0	0.0	0.0	0.0	0.0	0.0	0.0	0.0	0.0	0.0	0.0	0.0	0.0	0.0	0.0	0.0	0.0	0.0	0.0	0.0	0.0	0.0	0.0	0.0	0.0	0.0	0.0	0.0	0.0	0.0	0.0	0.0	0.0	0.0	0.0	0.0	0.0	0.0	0.0	0.0	0.0	0.0	0.0	0.0	0.0	0.0	0.0	0.0	0.0	0.0	0.0	0.0	0.0	0.0	0.0	0.0	0.0	0.0	0.0	0.0	0.0	0.0	0.0	0.0	0.0	0.0	0.0	0.0	0.0	0.0	0.0	0.0	0.0	0.0	0.0	0.0	0.0	0.0	0.0	0.0	0.0	0.0	0.0	0.0	0.0	0.0	0.0	0.0	0.0	0.0	0.0	0.0	0.0	0.0	0.0	0.0	0.0	0.0	0.0	0.0	0.0	0.0	0.0	0.0	0.0	0.0	0.0	0.0	0.0	0.0	0.0	0.0	0.0	0.0	0.0	0.0	0.0	0.0	0.0	0.0	0.0	0.0	0.0	0.0	0.0	0.0	0.0	0.0	0.0	0.0	0.0	0.0	0.0	0.0	0.0	0.0	0.0	0.0	0.0	0.0	0.0	0.0	0.0	0.0	0.0	0.0	0.0	0.0	0.0	0.0	0.0	0.0	0.0	0.0	0.0	0.0	0.0	0.0	0.0	0.0	0.0	0.0	0.0	0.0	0.0	0.0	0.0	0.0	0.0	0.0	0.0	0.0	0.0	0.0	0.0	0.0	0.0	0.0	0.0	0.0	0.0	0.0	0.0	0.0	0.0	0.0	0.0	0.0	0.0	0.0	0.0	0.0	0.0	0.0	0.0	0.0	0.0	0.0	0.0	0.0	0.0	0.0	0.0	0.0	0.0	0.0	0.0
cleaned_SRR35939739_2	0.0	0.0	0.0	0.0	0.0	0.0	30.0	0.0	0.0	0.0	0.0	0.0	0.0	0.0	0.0	0.0	0.0	0.0	0.0	0.0	0.0	0.0	0.0	0.0	0.0	0.0	0.0	0.0	0.0	0.0	0.0	0.0	0.0	0.0	0.0	0.0	0.0	0.0	0.0	0.0	0.0	0.0	0.0	0.0	0.0	0.0	0.0	0.0	0.0	0.0	0.0	0.0	0.0	0.0	0.0	0.0	0.0	0.0	0.0	0.0	0.0	0.0	0.0	0.0	0.0	0.0	0.0	0.0	0.0	0.0	0.0	0.0	0.0	0.0	0.0	0.0	0.0	0.0	0.0	0.0	0.0	0.0	0.0	0.0	0.0	0.0	0.0	0.0	0.0	0.0	0.0	0.0	0.0	0.0	0.0	0.0	0.0	0.0	0.0	0.0	0.0	0.0	0.0	0.0	0.0	0.0	0.0	0.0	0.0	0.0	0.0	0.0	0.0	0.0	0.0	0.0	0.0	0.0	0.0	0.0	0.0	0.0	0.0	0.0	0.0	0.0	0.0	0.0	0.0	0.0	0.0	0.0	0.0	0.0	0.0	0.0	0.0	0.0	0.0	0.0	0.0	0.0	0.0	0.0	0.0	0.0	0.0	0.0	0.0	0.0	0.0	0.0	0.0	0.0	0.0	0.0	0.0	0.0	0.0	0.0	0.0	0.0	0.0	0.0	0.0	0.0	0.0	0.0	0.0	0.0	0.0	0.0	0.0	0.0	0.0	0.0	0.0	0.0	0.0	0.0	0.0	0.0	0.0	0.0	0.0	0.0	0.0	0.0	0.0	0.0	0.0	0.0	0.0	0.0	0.0	0.0	0.0	0.0	0.0	0.0	0.0	0.0	0.0	0.0	0.0	0.0	0.0	0.0	0.0	0.0	0.0	0.0	0.0	0.0	0.0	0.0	0.0	0.0	0.0	0.0	0.0	0.0	0.0	0.0	0.0	70.0	0.0	0.0	0.0	0.0	0.0	0.0	0.0	0.0	0.0	0.0	0.0	0.0	0.0	0.0	0.0	0.0	0.0	0.0	0.0	0.0	0.0	0.0	0.0	0.0	0.0	0.0	0.0	0.0	0.0	0.0	0.0	0.0	0.0	0.0	0.0	0.0	0.0	0.0	0.0	0.0	0.0	0.0	0.0	0.0	0.0	0.0	0.0	0.0	0.0	0.0	0.0	0.0	0.0	0.0	0.0	0.0	0.0	0.0	0.0	0.0	0.0	0.0	0.0	0.0	0.0	0.0	0.0	0.0	0.0	0.0	0.0	0.0	0.0	0.0	0.0	0.0	0.0	0.0	0.0	0.0	0.0	0.0	0.0	0.0	0.0	0.0	0.0	0.0	0.0	0.0	0.0	0.0	0.0	0.0	0.0	0.0	0.0	0.0	0.0	0.0	0.0	0.0	0.0	0.0	0.0	0.0	0.0	0.0	0.0	0.0	0.0	0.0	0.0	0.0	0.0	0.0	0.0	0.0	0.0	0.0	0.0	0.0	0.0	0.0	0.0	0.0	0.0	0.0	0.0	0.0	0.0	0.0	0.0	0.0	0.0	0.0	0.0	0.0	0.0	0.0	0.0	0.0	0.0	0.0	0.0	0.0	0.0	0.0	0.0	0.0	0.0	0.0	0.0	0.0	0.0	0.0	0.0	0.0	0.0	0.0	0.0	0.0	0.0	0.0	0.0	0.0	0.0	0.0	0.0	0.0	0.0	0.0	0.0	0.0	0.0	0.0	0.0	0.0	0.0	0.0	0.0	0.0	0.0	0.0	0.0	0.0	0.0	0.0	0.0	0.0	0.0	0.0	0.0	0.0	0.0	0.0	0.0	0.0	0.0	0.0	0.0	0.0	0.0	0.0	0.0	0.0	0.0	0.0	0.0	0.0	0.0	0.0	0.0	0.0	0.0	0.0	0.0	0.0	0.0	0.0	0.0	0.0	0.0	0.0	0.0	0.0
cleaned_SRR35939740_1	0.0	0.0	0.0	0.0	0.0	0.0	0.0	0.0	0.0	0.0	80.76923076923077	0.0	0.0	0.0	0.0	0.0	0.0	0.0	0.0	0.0	0.0	0.0	0.0	0.0	0.0	0.0	0.0	0.0	0.0	0.0	0.0	0.0	0.0	0.0	0.0	0.0	0.0	0.0	0.0	0.0	0.0	0.0	0.0	0.0	0.0	0.0	0.0	0.0	0.0	0.0	0.0	0.0	0.0	0.0	0.0	0.0	0.0	0.0	0.0	0.0	0.0	0.0	0.0	0.0	0.0	0.0	0.0	0.0	0.0	0.0	0.0	0.0	0.0	0.0	0.0	0.0	0.0	0.0	0.0	0.0	0.0	0.0	0.0	0.0	0.0	0.0	0.0	0.0	0.0	0.0	0.0	0.0	0.0	0.0	0.0	0.0	0.0	0.0	0.0	0.0	0.0	0.0	0.0	0.0	0.0	0.0	0.0	0.0	0.0	0.0	0.0	0.0	0.0	0.0	0.0	0.0	0.0	0.0	0.0	0.0	0.0	0.0	0.0	0.0	0.0	0.0	0.0	0.0	0.0	0.0	0.0	0.0	0.0	0.0	0.0	0.0	0.0	0.0	0.0	0.0	0.0	0.0	0.0	0.0	0.0	0.0	0.0	0.0	0.0	0.0	0.0	0.0	0.0	0.0	0.0	0.0	0.0	0.0	0.0	0.0	0.0	0.0	0.0	0.0	0.0	0.0	0.0	0.0	0.0	0.0	0.0	0.0	0.0	0.0	0.0	0.0	0.0	0.0	0.0	0.0	0.0	0.0	0.0	0.0	0.0	0.0	0.0	0.0	0.0	0.0	0.0	0.0	0.0	0.0	0.0	0.0	0.0	0.0	0.0	0.0	0.0	0.0	0.0	0.0	0.0	0.0	0.0	0.0	0.0	0.0	0.0	0.0	0.0	0.0	0.0	0.0	0.0	0.0	0.0	0.0	0.0	0.0	0.0	0.0	0.0	0.0	0.0	0.0	0.0	0.0	0.0	0.0	0.0	0.0	0.0	0.0	0.0	0.0	0.0	0.0	0.0	0.0	0.0	0.0	0.0	0.0	0.0	0.0	0.0	0.0	0.0	0.0	0.0	0.0	0.0	0.0	0.0	0.0	0.0	0.0	0.0	0.0	0.0	0.0	0.0	0.0	0.0	0.0	0.0	0.0	0.0	0.0	0.0	0.0	0.0	0.0	0.0	0.0	0.0	0.0	0.0	0.0	0.0	0.0	0.0	0.0	0.0	0.0	0.0	0.0	0.0	0.0	0.0	0.0	0.0	0.0	0.0	0.0	0.0	0.0	0.0	0.0	0.0	0.0	0.0	0.0	0.0	0.0	0.0	0.0	0.0	0.0	0.0	0.0	0.0	0.0	0.0	0.0	0.0	0.0	0.0	0.0	0.0	0.0	0.0	0.0	0.0	0.0	0.0	0.0	0.0	0.0	0.0	0.0	0.0	0.0	0.0	0.0	0.0	0.0	0.0	0.0	0.0	0.0	0.0	0.0	0.0	7.6923076923076925	0.0	0.0	0.0	0.0	0.0	0.0	0.0	0.0	0.0	0.0	0.0	0.0	0.0	0.0	0.0	0.0	0.0	0.0	0.0	0.0	0.0	0.0	0.0	0.0	0.0	0.0	0.0	0.0	0.0	0.0	0.0	0.0	0.0	0.0	0.0	0.0	0.0	0.0	0.0	0.0	0.0	0.0	0.0	0.0	0.0	0.0	0.0	0.0	0.0	0.0	0.0	0.0	11.538461538461538	0.0	0.0	0.0	0.0	0.0	0.0	0.0	0.0	0.0	0.0	0.0	0.0	0.0	0.0	0.0	0.0	0.0	0.0	0.0	0.0	0.0	0.0	0.0	0.0	0.0	0.0	0.0	0.0	0.0	0.0	0.0	0.0	0.0	0.0	0.0	0.0	0.0	0.0	0.0	0.0	0.0	0.0	0.0	0.0	0.0	0.0	0.0	0.0	0.0	0.0	0.0
cleaned_SRR35939740_2	0.0	0.0	0.0	0.0	0.0	0.0	0.0	0.0	0.0	0.0	13.142857142857142	0.0	0.0	0.0	0.0	0.0	0.0	0.0	0.0	0.0	0.0	0.0	0.0	0.0	0.0	0.0	0.0	0.0	0.0	0.0	0.0	0.0	0.0	0.0	0.0	0.0	0.0	0.0	0.0	0.0	0.0	0.0	0.0	0.0	0.0	0.0	0.0	0.0	0.0	0.0	0.0	0.0	0.0	0.0	0.0	0.0	0.0	0.0	0.0	0.0	0.0	0.0	0.0	0.0	0.0	0.0	0.0	0.0	0.0	0.0	0.0	0.0	0.0	0.0	0.0	0.0	0.0	0.0	0.0	0.0	0.0	0.0	0.0	0.0	0.0	0.0	0.0	0.0	0.0	0.0	0.0	0.0	0.0	0.0	0.0	0.0	0.0	0.0	0.0	0.0	0.0	0.0	0.0	0.0	0.0	0.0	0.0	0.0	0.0	0.0	0.0	0.0	0.0	0.0	0.0	0.0	0.0	0.0	0.0	0.0	0.0	0.0	0.0	0.0	0.0	0.0	0.0	0.0	0.0	0.5714285714285714	0.0	0.0	0.0	0.0	0.0	0.0	0.0	0.0	0.0	0.0	0.0	0.0	0.0	0.0	0.0	0.0	0.0	0.0	0.0	0.0	0.0	0.0	0.0	0.0	0.0	0.0	0.0	0.0	0.0	0.0	0.0	0.0	0.0	0.0	0.0	0.0	0.0	0.0	0.0	0.0	0.0	0.0	0.0	0.0	0.0	0.0	0.0	0.0	0.0	0.0	0.0	0.0	0.0	0.0	0.0	0.0	0.0	0.0	0.0	0.0	0.0	0.0	0.0	0.0	0.0	0.0	0.0	0.0	0.0	0.0	0.0	0.0	0.0	0.0	0.0	0.0	0.0	0.0	0.0	0.0	0.0	0.0	0.0	0.0	0.0	0.0	0.0	0.0	0.0	0.0	0.0	0.0	0.0	0.0	0.0	0.0	0.0	0.0	0.0	0.0	0.0	0.0	0.0	0.0	0.0	0.0	0.0	0.0	0.0	0.0	0.0	0.0	0.0	0.0	0.0	0.0	0.0	0.0	0.0	0.0	0.0	0.0	0.0	0.0	0.0	0.0	0.0	0.0	0.0	0.0	0.0	0.0	0.0	0.0	0.0	0.0	0.0	0.0	0.0	0.0	0.0	0.0	0.0	0.0	0.0	0.0	0.0	0.0	0.0	0.0	0.0	0.0	0.0	0.0	0.0	0.0	0.0	0.0	0.0	0.0	0.0	0.0	0.0	0.0	0.0	0.0	0.0	0.0	0.0	0.0	0.0	0.0	0.0	0.0	0.0	0.0	0.0	0.0	0.0	0.0	0.0	0.0	0.0	0.0	0.0	0.0	0.0	0.0	0.0	0.0	0.0	0.0	0.0	0.0	0.0	0.0	0.0	0.0	0.0	0.0	0.0	0.0	0.0	0.0	0.0	0.0	0.0	0.0	0.0	0.0	0.0	0.0	0.0	0.0	0.0	0.0	0.0	1.1428571428571428	0.0	0.0	0.0	0.0	0.0	0.0	0.0	0.0	0.0	0.0	0.0	0.0	0.0	0.0	0.0	0.0	0.0	0.0	0.0	0.0	0.0	0.0	0.0	0.0	0.0	0.0	0.0	0.0	0.0	0.0	0.0	0.0	0.0	0.0	0.0	0.0	0.0	0.0	0.0	0.0	0.0	0.0	0.0	0.0	0.0	0.0	0.0	0.0	0.0	0.0	0.0	0.0	85.14285714285714	0.0	0.0	0.0	0.0	0.0	0.0	0.0	0.0	0.0	0.0	0.0	0.0	0.0	0.0	0.0	0.0	0.0	0.0	0.0	0.0	0.0	0.0	0.0	0.0	0.0	0.0	0.0	0.0	0.0	0.0	0.0	0.0	0.0	0.0	0.0	0.0	0.0	0.0	0.0	0.0	0.0	0.0	0.0	0.0	0.0	0.0	0.0	0.0	0.0	0.0	0.0
zclean_wastewater	0.0	0.0	0.0	0.0	0.0	1.470716974525081	10.601418191368293	0.0	0.0	0.0	66.72502845137004	0.0	0.0	0.0	0.0	0.0	0.0	0.262628031165193	0.0	0.0	0.0	0.0	0.0	0.0	0.026262803116519302	0.0	0.0	0.0	0.0	0.0	0.0	0.0	0.017508535411012868	0.0	0.0	0.0	0.0	0.0	0.0	0.0	0.0	0.37643351133677666	0.0	0.017508535411012868	0.4114505821588024	0.0	0.0	0.0	0.0	0.0	0.0	0.0	0.0	0.0	0.0	0.0	0.008754267705506434	0.026262803116519302	0.0	0.0	0.0	0.0	0.0	0.026262803116519302	0.0	0.0	0.0	0.0	0.0	0.0	0.0	0.0	0.0	0.0	0.0	0.008754267705506434	0.0	0.0	0.017508535411012868	0.0	0.017508535411012868	0.0	0.0	0.0	0.07878840934955791	0.0	0.017508535411012868	0.0	0.09629694476057077	0.0	0.0	0.09629694476057077	0.0	0.0	0.008754267705506434	0.0	11.004114505821589	0.0	0.0	0.0	0.11380548017158364	0.052525606233038605	0.0	0.0	0.0	0.0	0.0	0.0	0.0	0.0	0.0	0.0	0.0	0.0	0.008754267705506434	0.0	0.0	0.035017070822025737	0.04377133852753217	0.0	0.0	0.061279873938545046	0.0	0.0	0.0	0.026262803116519302	0.008754267705506434	0.0	0.0	0.16633108640462224	0.0	0.0	0.0	0.0	0.0	0.017508535411012868	0.0	0.0	0.0	0.0	0.0	0.0	0.0	0.0	0.0	0.0	0.0	0.0	0.0	0.0	0.0	0.0	0.0	0.9979865184277336	0.0	0.0	0.0	0.0	0.0	0.008754267705506434	0.0	0.0	0.0	0.0	0.0	0.0	0.0	0.0	0.0	0.0	0.0	0.0	0.0	0.0	0.0	0.0	0.0	0.0	0.0	0.0	0.0	0.5602731331524118	0.0	0.0	0.0	0.0	0.0	0.0	0.0	0.0	0.0	0.0	0.08754267705506434	0.0	0.008754267705506434	0.017508535411012868	0.0	0.0	0.0	0.0	0.0	0.0	0.0	0.0	0.0	0.0	0.0	0.0	0.0	0.0	0.0	0.0	0.0	0.0	0.0	0.0	0.0	0.0	0.0	0.0	0.0	0.0	0.0	0.0	0.0	0.0	0.0	0.0	0.0	0.0	0.0	0.0	0.0	0.0	0.017508535411012868	0.0	0.0	0.035017070822025737	0.0	0.035017070822025737	0.0	0.0	0.0	0.0	0.0	0.0	0.0	0.0	0.0	0.0	0.0	0.0	0.0	0.0	0.0	0.0	0.0	0.0	0.0	0.0	0.0	0.0	0.0	0.0	0.0	0.0	0.0	0.0	0.0	0.0	0.0	0.0	0.0	0.0	0.0	0.0	0.0	0.0	0.0	0.0	0.0	0.0	0.0	0.0	0.0	0.0	0.0	0.0	0.0	0.0	0.0	0.0	0.017508535411012868	0.0	0.0	0.035017070822025737	0.0	0.04377133852753217	0.3326621728092445	0.0	0.0	0.0	0.0	0.0	0.0	0.0	0.0	0.0	0.0	0.0	0.0	0.0	0.0	0.008754267705506434	0.0	0.035017070822025737	0.0	0.11380548017158364	0.0	0.0	0.0	0.0	0.0	0.0	0.0	0.0	0.0	0.0	0.0	0.0	0.0	0.0	0.0	0.0	0.0	0.0	2.9501882167556683	0.0	0.0	0.0	0.0	0.0	0.0	0.0	0.0	0.0	0.0	0.14006828328810295	0.0	0.0	0.0	0.23636522804867371	0.0	0.0	0.0	0.0	0.026262803116519302	0.0	0.0	0.0	0.0	0.0	0.0	0.0	0.0	0.0	0.0	0.0	0.0	0.0	0.0	0.0	0.0	0.0	0.0	0.08754267705506434	0.0	0.0	0.035017070822025737	0.0	0.0	0.402696314453296	0.0	0.061279873938545046	0.061279873938545046	0.0	0.008754267705506434	0.0	0.0	0.008754267705506434	0.0	0.0	0.052525606233038605	0.017508535411012868	0.0	0.0	0.0	0.061279873938545046	0.0	0.0	0.0	0.0	0.0	0.2713822988706995	0.0	0.0	0.0	0.008754267705506434	0.0	0.0	0.0	0.0	0.0	0.0	0.0	0.0	0.0	0.0	0.0	0.0	0.0	0.0	0.0	0.0	0.0	0.21010242493215442	0.0	0.0	0.0	0.0	0.0	0.0	0.0	0.0	0.805392628906592	0.008754267705506434	0.0	0.0	0.008754267705506434	0.0	0.0	0.0	0.0	0.0	0.3326621728092445	0.0	0.0	0.0	0.0	0.0	0.0	0.0
